point,mean_ltime,mean_x_proj,mean_y_proj,mean_latitude,mean_longitude,n,date
2019-06-19T14:00:00Z,2019-06-19T14:00:35Z,371887.79000049667,9929409.078130461,-0.6385281588897015,-76.15130512042059,9,2019-06-19
2019-06-19T14:15:00Z,2019-06-19T14:15:05Z,371843.6063068335,9929387.241187748,-0.6387255946085368,-76.15170217584895,12,2019-06-19
2019-06-19T14:30:00Z,2019-06-19T14:30:04Z,371826.782354163,9929392.483754998,-0.6386781390589853,-76.15185333648304,12,2019-06-19
2019-06-19T14:45:00Z,2019-06-19T14:45:05Z,371808.65277766774,9929378.884308929,-0.6388011155665392,-76.1520162667075,12,2019-06-19
2019-06-19T15:00:00Z,2019-06-19T15:00:04Z,371788.6814972065,9929345.137709014,-0.6391063286084773,-76.15219578612397,12,2019-06-19
2019-06-19T15:15:00Z,2019-06-19T15:15:04Z,371724.6296167314,9929310.5202033,-0.63941932982507,-76.15277139237406,12,2019-06-19
2019-06-19T15:30:00Z,2019-06-19T15:30:04Z,371661.11059894215,9929357.282067435,-0.638996218333237,-76.15334204631539,12,2019-06-19
2019-06-19T15:45:00Z,2019-06-19T15:45:04Z,371623.22679726745,9929406.094486574,-0.6385546107916461,-76.15368235157429,12,2019-06-19
2019-06-19T16:00:00Z,2019-06-19T16:00:04Z,371602.31456742215,9929436.205675442,-0.6382821989166129,-76.15387019701578,12,2019-06-19
2019-06-19T16:15:00Z,2019-06-19T16:15:04Z,371586.73707092425,9929488.32195888,-0.6378107518016795,-76.15401006304268,12,2019-06-19
2019-06-19T16:30:00Z,2019-06-19T16:30:05Z,371591.3962412445,9929531.330799147,-0.6374217267156161,-76.15396811160046,12,2019-06-19
2019-06-19T16:45:00Z,2019-06-19T16:45:04Z,371563.0220506139,9929561.919863595,-0.6371449772080761,-76.15422300529087,12,2019-06-19
2019-06-19T17:00:00Z,2019-06-19T17:00:04Z,371551.4956633519,9929598.86638256,-0.63681075580873725,-76.15432650085714,12,2019-06-19
2019-06-19T17:15:00Z,2019-06-19T17:15:04Z,371568.29020522034,9929603.562812537,-0.6367683084834239,-76.1541755846738,12,2019-06-19
2019-06-19T17:30:00Z,2019-06-19T17:30:04Z,371596.52148856665,9929607.112768771,-0.6367362546833971,-76.1539219063657,12,2019-06-19
2019-06-27T14:45:00Z,2019-06-27T14:44:50Z,371579.87755489774,9929613.734537993,-0.636676324066744,-76.15407144650742,12,2019-06-27
2019-06-27T15:00:00Z,2019-06-27T14:59:50Z,371557.07421317406,9929580.496169096,-0.6369769340335041,-76.15427641197402,12,2019-06-27
2019-06-27T15:15:00Z,2019-06-27T15:14:50Z,371545.44499170507,9929566.392379176,-0.6371044856509781,-76.15438093430579,12,2019-06-27
2019-06-27T15:30:00Z,2019-06-27T15:29:50Z,371550.57337267755,9929510.225085393,-0.6376125547166557,-76.15433496654904,12,2019-06-27
2019-06-27T15:45:00Z,2019-06-27T15:44:20Z,371567.684501917,9929483.94187538,-0.6378503329999088,-76.15418126806573,9,2019-06-27
2019-07-06T21:45:00Z,2019-07-06T21:44:53Z,371931.0890749591,9929443.569699364,-0.6382162543165592,-76.15091598825768,12,2019-07-06
2019-07-06T22:00:00Z,2019-07-06T21:59:53Z,371893.03976768773,9929408.983553555,-0.6385290250166935,-76.15125794895694,12,2019-07-06
2019-07-06T22:15:00Z,2019-07-06T22:14:53Z,371910.47287405265,9929425.873184584,-0.6383762857751993,-76.15110127022398,12,2019-07-06
2019-07-06T22:30:00Z,2019-07-06T22:29:53Z,371906.9129684061,9929420.66774857,-0.6384233641513684,-76.15113326814132,12,2019-07-06
2019-07-06T22:45:00Z,2019-07-06T22:44:03Z,371890.45973800716,9929413.360696753,-0.6384894265000877,-76.1512811229421,7,2019-07-06
2019-07-07T10:45:00Z,2019-07-07T10:45:01Z,371901.4168686103,9929424.986214532,-0.638384290491794,-76.15118264452408,12,2019-07-07
2019-07-07T11:00:00Z,2019-07-07T11:00:01Z,371906.1563571604,9929421.750978671,-0.6384135642999953,-76.15114006447405,12,2019-07-07
2019-07-07T11:15:00Z,2019-07-07T11:15:02Z,371907.798601467,9929419.673351852,-0.638432360724896,-76.15112531230749,12,2019-07-07
2019-07-07T11:30:00Z,2019-07-07T11:30:01Z,371904.91038907535,9929424.617112407,-0.6383876362667184,-76.151151254324,12,2019-07-07
2019-07-07T11:45:00Z,2019-07-07T11:45:01Z,371874.17057234567,9929431.67123742,-0.6383237661784595,-76.15142745198939,12,2019-07-07
2019-07-07T12:00:00Z,2019-07-07T12:00:01Z,371871.28564404184,9929446.267515233,-0.6381917302416751,-76.15145334507416,12,2019-07-07
2019-07-07T12:15:00Z,2019-07-07T12:15:02Z,371870.2677862739,9929437.18002189,-0.6382739287666578,-76.15146250929075,12,2019-07-07
2019-07-07T12:30:00Z,2019-07-07T12:30:01Z,371871.9196580536,9929440.700084362,-0.638242091516643,-76.15144765935744,12,2019-07-07
2019-07-07T12:45:00Z,2019-07-07T12:45:01Z,371869.7509138586,9929440.337435659,-0.6382453674499624,-76.15146714728236,12,2019-07-07
2019-07-07T13:00:00Z,2019-07-07T13:00:01Z,371866.21620020433,9929440.66637584,-0.6382423848749884,-76.15149890769918,12,2019-07-07
2019-07-07T13:15:00Z,2019-07-07T13:15:01Z,371862.2005550668,9929443.321848053,-0.6382183567666025,-76.15153498483232,12,2019-07-07
2019-07-07T13:30:00Z,2019-07-07T13:30:01Z,371867.1323013255,9929449.3970894,-0.6381634133833165,-76.1514906585325,12,2019-07-07
2019-07-07T13:45:00Z,2019-07-07T13:45:02Z,371869.38119340694,9929449.40377183,-0.6381633574916337,-76.15147045115741,12,2019-07-07
2019-07-07T14:00:00Z,2019-07-07T14:00:01Z,371844.97102487826,9929451.141936898,-0.638147585549993,-76.1516897845907,12,2019-07-07
2019-07-07T14:15:00Z,2019-07-07T14:15:01Z,371820.483863052,9929449.539541373,-0.6381620303584046,-76.15190981654904,12,2019-07-07
2019-07-07T14:30:00Z,2019-07-07T14:30:01Z,371765.6245708548,9929434.130321948,-0.638301302683711,-76.15240278420737,12,2019-07-07
2019-07-07T14:45:00Z,2019-07-07T14:45:01Z,371738.7471431466,9929411.227745915,-0.638508412516874,-76.1526443366905,12,2019-07-07
2019-07-07T15:00:00Z,2019-07-07T15:00:01Z,371735.7864521488,9929413.52901698,-0.6384875904583822,-76.15267093525722,12,2019-07-07
2019-07-07T15:15:00Z,2019-07-07T15:15:01Z,371737.07013442006,9929415.80498066,-0.6384670059249626,-76.15265939618229,12,2019-07-07
2019-07-07T15:30:00Z,2019-07-07T15:30:01Z,371740.7841102135,9929413.395000648,-0.6384888128333461,-76.15262602921563,12,2019-07-07
2019-07-07T15:45:00Z,2019-07-07T15:45:01Z,371736.27702440345,9929413.26117025,-0.6384900142500275,-76.15266652777412,12,2019-07-07
2019-07-07T16:00:00Z,2019-07-07T16:00:01Z,371743.67599245574,9929412.890629532,-0.638493380966658,-76.1526000453074,12,2019-07-07
2019-07-07T16:15:00Z,2019-07-07T16:15:01Z,371735.57834595826,9929415.985341808,-0.6384653714501254,-76.15267280024074,12,2019-07-07
2019-07-07T16:30:00Z,2019-07-07T16:30:01Z,371741.86259382515,9929412.100258488,-0.6385005265582625,-76.15261634114071,12,2019-07-07
2019-07-07T16:45:00Z,2019-07-07T16:45:01Z,371740.43529350485,9929415.892994381,-0.638466216624989,-76.1526291584657,12,2019-07-07
2019-07-07T17:00:00Z,2019-07-07T17:00:02Z,371702.587851816,9929396.245869339,-0.6386438571106077,-76.15296927513255,12,2019-07-07
2019-07-07T17:15:00Z,2019-07-07T17:15:01Z,371689.2348934671,9929387.1640974,-0.6387259788001995,-76.15308927604903,12,2019-07-07
2019-07-07T17:30:00Z,2019-07-07T17:30:01Z,371633.3617255779,9929344.909792738,-0.6391080748417619,-76.15359140793248,12,2019-07-07
2019-07-07T17:45:00Z,2019-07-07T17:45:01Z,371644.9240677646,9929327.917771325,-0.639261798925076,-76.15348754915743,12,2019-07-07
2019-07-07T18:00:00Z,2019-07-07T18:00:01Z,371643.70890489494,9929325.139885662,-0.6392869237000487,-76.15349847357396,12,2019-07-07
2019-07-07T18:15:00Z,2019-07-07T18:15:01Z,371652.04078836733,9929324.386544943,-0.6392937549418368,-76.15342360920728,12,2019-07-07
2019-07-07T18:30:00Z,2019-07-07T18:30:01Z,371648.1060671566,9929326.68296164,-0.6392729748084467,-76.15345895989073,12,2019-07-07
2019-07-07T18:45:00Z,2019-07-07T18:45:01Z,371644.85882567,9929324.2011468,-0.6392954173584853,-76.15348814289067,12,2019-07-07
2019-07-07T19:00:00Z,2019-07-07T19:00:01Z,371642.07998546516,9929319.801286312,-0.6393352104583786,-76.15351312095734,12,2019-07-07
2019-07-07T19:15:00Z,2019-07-07T19:15:01Z,371641.89756943076,9929342.851476748,-0.6391267105914523,-76.15351471352444,12,2019-07-07
2019-07-07T19:30:00Z,2019-07-07T19:30:01Z,371647.6806440355,9929344.913009688,-0.6391080748332926,-76.15346274572408,12,2019-07-07
2019-07-07T19:45:00Z,2019-07-07T19:45:01Z,371650.34570513666,9929326.365317944,-0.639275852591694,-76.15343883633243,12,2019-07-07
2019-07-07T20:00:00Z,2019-07-07T20:00:01Z,371640.44233609206,9929315.272727892,-0.6393761700084085,-76.15352784514891,12,2019-07-07
2019-07-07T20:15:00Z,2019-07-07T20:15:02Z,371641.37681748107,9929314.82892214,-0.6393801863333346,-76.15351944929068,12,2019-07-07
2019-07-07T20:30:00Z,2019-07-07T20:30:02Z,371625.5199809305,9929361.173696496,-0.6389609444817679,-76.15366183686295,12,2019-07-07
2019-07-07T20:45:00Z,2019-07-07T20:45:01Z,371605.779140289,9929422.841178784,-0.6384030939085995,-76.15383909315753,12,2019-07-07
2019-07-07T21:00:00Z,2019-07-07T21:00:01Z,371615.24282297294,9929422.240984403,-0.6384085421500579,-76.15375405875737,12,2019-07-07
2019-07-07T21:15:00Z,2019-07-07T21:15:01Z,371609.00997119665,9929422.250395957,-0.6384084443666588,-76.15381006382393,12,2019-07-07
2019-07-07T21:30:00Z,2019-07-07T21:30:01Z,371656.79188764206,9929380.254877118,-0.6387884100000489,-76.15338080562402,12,2019-07-07
2019-07-07T21:45:00Z,2019-07-07T21:45:01Z,371692.7932629788,9929364.575676752,-0.6389303086332498,-76.1530573479741,12,2019-07-07
2019-07-07T22:00:00Z,2019-07-07T22:00:01Z,371701.339571109,9929281.29176751,-0.6396836671084499,-76.15298072342397,12,2019-07-07
2019-07-07T22:15:00Z,2019-07-07T22:15:01Z,371700.89226614573,9929272.358835984,-0.6397644686583438,-76.15298476070687,12,2019-07-07
2019-07-07T22:30:00Z,2019-07-07T22:30:01Z,371637.9349975468,9929289.203399861,-0.6396119738832461,-76.15355042740751,12,2019-07-07
2019-07-07T22:45:00Z,2019-07-07T22:45:01Z,371610.39390537044,9929282.75163577,-0.6396702770253785,-76.1537979100908,12,2019-07-07
2019-07-08T10:45:00Z,2019-07-08T10:45:00Z,371599.5612151774,9929294.096711485,-0.6395676336166883,-76.1538952239739,12,2019-07-08
2019-07-08T11:00:00Z,2019-07-08T11:00:00Z,371598.9690819615,9929293.157580102,-0.6395761272834118,-76.15390054646578,12,2019-07-08
2019-07-08T11:15:00Z,2019-07-08T11:15:00Z,371595.05626370374,9929291.379091138,-0.6395922065678523,-76.15393570856551,12,2019-07-08
2019-07-08T11:30:00Z,2019-07-08T11:30:00Z,371603.3369132966,9929286.856620368,-0.6396331312167864,-76.15386131218256,12,2019-07-08
2019-07-08T11:45:00Z,2019-07-08T11:45:00Z,371598.6567987768,9929281.820810255,-0.6396786728931879,-76.15390337538172,12,2019-07-08
2019-07-08T12:00:00Z,2019-07-08T12:00:00Z,371622.08935757144,9929258.053068193,-0.6398937106167185,-76.15369287086561,12,2019-07-08
2019-07-08T12:15:00Z,2019-07-08T12:15:00Z,371621.3955648195,9929315.115552405,-0.6393775530178065,-76.15369898964806,12,2019-07-08
2019-07-08T12:30:00Z,2019-07-08T12:30:00Z,371708.7276678572,9929301.633996854,-0.6394996773334692,-76.15291429682416,12,2019-07-08
2019-07-08T12:45:00Z,2019-07-08T12:45:00Z,371709.22205424425,9929270.548350794,-0.6397808622586071,-76.15290991728259,12,2019-07-08
2019-07-08T13:00:00Z,2019-07-08T13:00:00Z,371716.197589664,9929282.986226993,-0.6396683701418963,-76.15284721369022,12,2019-07-08
2019-07-08T13:15:00Z,2019-07-08T13:15:00Z,371809.91445580864,9929368.357168593,-0.6388963409667123,-76.1520049511404,12,2019-07-08
2019-07-08T13:30:00Z,2019-07-08T13:30:00Z,371827.08870560594,9929388.691540882,-0.6387124420083401,-76.15185059140727,12,2019-07-08
2019-07-08T13:45:00Z,2019-07-08T13:45:00Z,371828.9718171616,9929390.578450352,-0.6386953778583019,-76.15183366695743,12,2019-07-08
2019-07-08T14:00:00Z,2019-07-08T14:00:00Z,371803.5851515115,9929417.192094538,-0.6384545937000325,-76.15206172457415,12,2019-07-08
2019-07-08T15:30:00Z,2019-07-08T15:30:00Z,371614.099804136,9929416.657707242,-0.6384590431166685,-76.15376434057399,12,2019-07-08
2019-07-08T15:45:00Z,2019-07-08T15:45:00Z,371583.0015818151,9929378.755680753,-0.6388018210516817,-76.1540438490911,12,2019-07-08
2019-07-08T16:00:00Z,2019-07-08T16:00:01Z,371586.74083148106,9929433.440786771,-0.6383071769826398,-76.15401013987396,12,2019-07-08
2019-07-08T16:15:00Z,2019-07-08T16:15:00Z,371568.8242903654,9929464.644542674,-0.6380248884572303,-76.15417106543131,12,2019-07-08
2019-07-08T16:30:00Z,2019-07-08T16:30:00Z,371567.9878270421,9929489.027408268,-0.6378043326590223,-76.15417853229995,12,2019-07-08
2019-07-08T16:45:00Z,2019-07-08T16:45:00Z,371578.99839294143,9929499.096303388,-0.6377132772584084,-76.1540795769572,12,2019-07-08
2019-07-08T17:00:00Z,2019-07-08T17:00:00Z,371582.51139613066,9929515.88322213,-0.6375614390666885,-76.15404797717405,12,2019-07-08
2019-07-08T17:15:00Z,2019-07-08T17:15:00Z,371569.58353502955,9929514.215458406,-0.6375764985337885,-76.1541641433738,12,2019-07-08
2019-07-08T17:30:00Z,2019-07-08T17:30:00Z,371556.96433766256,9929550.463657636,-0.6372485915174857,-76.15427745971586,12,2019-07-08
2019-07-08T17:45:00Z,2019-07-08T17:45:00Z,371532.671504069,9929566.147046294,-0.6371066789084516,-76.15449571049906,12,2019-07-08
2019-07-08T18:00:00Z,2019-07-08T18:00:00Z,371525.67543322477,9929558.54083017,-0.6371754664001025,-76.15455858874891,12,2019-07-08
2019-07-08T18:15:00Z,2019-07-08T18:15:00Z,371534.8727074996,9929525.748236755,-0.6374721089251761,-76.1544760130324,12,2019-07-08
2019-07-08T18:30:00Z,2019-07-08T18:30:00Z,371503.280955305,9929518.517197875,-0.6375374528667823,-76.154759894124,12,2019-07-08
2019-07-08T18:45:00Z,2019-07-08T18:45:00Z,371517.614240646,9929523.830073735,-0.6374894245750371,-76.1546310922157,12,2019-07-08
2019-07-08T19:00:00Z,2019-07-08T19:00:00Z,371519.8951170557,9929530.275387645,-0.6374311284167582,-76.15461058449903,12,2019-07-08
2019-07-08T19:15:00Z,2019-07-08T19:15:00Z,371522.6186017917,9929528.494528694,-0.6374472426166723,-76.15458611631571,12,2019-07-08
2019-07-08T19:30:00Z,2019-07-08T19:30:00Z,371519.7325172778,9929523.939431254,-0.637488439683391,-76.15461205829907,12,2019-07-08
2019-07-08T19:45:00Z,2019-07-08T19:45:00Z,371517.1866118148,9929524.202954369,-0.6374860508333754,-76.15463493390737,12,2019-07-08
2019-07-08T20:00:00Z,2019-07-08T20:00:00Z,371542.06974931806,9929500.305015018,-0.6377022690061613,-76.15441139554036,12,2019-07-08
2019-07-08T20:15:00Z,2019-07-08T20:15:00Z,371627.69081319124,9929390.32866977,-0.6386972288588286,-76.15364227209915,12,2019-07-08
2019-07-08T20:30:00Z,2019-07-08T20:30:00Z,371649.33086802403,9929442.37298664,-0.6382265081753572,-76.15344772114932,12,2019-07-08
2019-07-08T20:45:00Z,2019-07-08T20:45:00Z,371652.55590101023,9929446.83240581,-0.6381861772338777,-76.15341873373234,12,2019-07-08
2019-07-08T21:00:00Z,2019-07-08T21:00:00Z,371664.81620541273,9929426.81272991,-0.638367289224962,-76.15330860949909,12,2019-07-08
2019-07-08T21:15:00Z,2019-07-08T21:15:00Z,371669.67163813557,9929430.014597742,-0.6383383367167429,-76.15326497470738,12,2019-07-08
2019-07-08T21:30:00Z,2019-07-08T21:30:00Z,371661.6187182094,9929438.178054258,-0.6382644781831637,-76.15333731751562,12,2019-07-08
2019-07-14T20:30:00Z,2019-07-14T20:29:53Z,371558.60362100374,9929506.113365792,-0.6376497633750297,-76.15426281932402,12,2019-07-14
2019-07-14T20:45:00Z,2019-07-14T20:44:53Z,371596.7597313504,9929435.499407582,-0.6382885761567451,-76.15392011123416,12,2019-07-14
2019-07-14T21:00:00Z,2019-07-14T20:59:53Z,371623.777655114,9929334.675964935,-0.6392006250084483,-76.15367754595728,12,2019-07-14
2019-07-14T21:15:00Z,2019-07-14T21:14:53Z,371649.38578340516,9929346.625365326,-0.6390925892583287,-76.1534474207908,12,2019-07-14
2019-07-14T21:30:00Z,2019-07-14T21:29:53Z,371709.6985952126,9929298.129189014,-0.639531381900001,-76.15290557965751,12,2019-07-14
2019-07-14T21:45:00Z,2019-07-14T21:44:54Z,371744.51114528644,9929311.191852212,-0.6394132948334228,-76.15259274609085,12,2019-07-14
2019-07-14T22:00:00Z,2019-07-14T21:59:53Z,371836.9099624152,9929398.513056003,-0.6386236217755398,-76.15176232298188,12,2019-07-14
2019-07-14T22:15:00Z,2019-07-14T22:14:53Z,371877.68677126156,9929402.94381741,-0.6385836261252015,-76.15139591508245,12,2019-07-14
2019-07-14T22:30:00Z,2019-07-14T22:29:53Z,371896.2564987508,9929415.80435534,-0.6384673342167115,-76.15122903137399,12,2019-07-14
2019-07-14T22:45:00Z,2019-07-14T22:44:53Z,371895.9614870207,9929417.554097274,-0.6384515063916882,-76.15123167867405,12,2019-07-14
2019-07-14T23:00:00Z,2019-07-14T22:59:03Z,371893.121020908,9929413.116394877,-0.6384916417147214,-76.15125721054171,7,2019-07-14
2019-07-15T10:45:00Z,2019-07-15T10:44:55Z,371912.237083191,9929420.678207796,-0.6384232803250559,-76.1510854284159,12,2019-07-15
2019-07-15T11:00:00Z,2019-07-15T10:59:55Z,371909.9885004528,9929419.287740707,-0.6384358531917399,-76.15110563579897,12,2019-07-15
2019-07-15T11:15:00Z,2019-07-15T11:14:54Z,371906.1249496835,9929416.21428687,-0.6384636461837297,-76.15114035782412,12,2019-07-15
2019-07-15T11:30:00Z,2019-07-15T11:29:54Z,371887.3825605513,9929421.115113158,-0.6384192779750198,-76.15130875724078,12,2019-07-15
2019-07-15T11:45:00Z,2019-07-15T11:44:54Z,371864.7266304594,9929441.34943927,-0.6382362032331875,-76.15151229081546,12,2019-07-15
2019-07-15T12:00:00Z,2019-07-15T11:59:54Z,371944.382999507,9929459.387355344,-0.6380732031663348,-76.15079650421643,12,2019-07-15
2019-07-15T12:15:00Z,2019-07-15T12:14:54Z,371962.2563730476,9929502.829214018,-0.6376802874835845,-76.15063581615719,12,2019-07-15
2019-07-15T12:30:00Z,2019-07-15T12:29:54Z,372012.0287221443,9929517.805595467,-0.6375449197349898,-76.15018855780833,12,2019-07-15
2019-07-15T12:45:00Z,2019-07-15T12:44:54Z,372099.2790047166,9929532.639753541,-0.6374109140592807,-76.1494045425242,12,2019-07-15
2019-07-15T13:00:00Z,2019-07-15T12:59:54Z,372165.8313676606,9929530.111748297,-0.6374339153910111,-76.1488065426414,12,2019-07-15
2019-07-15T13:15:00Z,2019-07-15T13:14:54Z,372139.54967998434,9929551.264954992,-0.6372425216336961,-76.14904265383989,12,2019-07-15
2019-07-15T13:30:00Z,2019-07-15T13:29:54Z,372126.2706438408,9929555.803306092,-0.6372014433167851,-76.14916196325726,12,2019-07-15
2019-07-15T13:45:00Z,2019-07-15T13:44:54Z,372121.8367147532,9929555.302701334,-0.6372059625750366,-76.14920180524084,12,2019-07-15
2019-07-15T14:00:00Z,2019-07-15T13:59:55Z,372113.9533353875,9929549.268511495,-0.6372605287504389,-76.14927265328248,12,2019-07-15
2019-07-15T14:15:00Z,2019-07-15T14:14:55Z,372110.7584513289,9929583.890967032,-0.6369473459162276,-76.14930129144952,12,2019-07-15
2019-07-15T14:30:00Z,2019-07-15T14:29:55Z,372066.21378896467,9929624.852466442,-0.6365767400739528,-76.14970146445793,12,2019-07-15
2019-07-15T14:45:00Z,2019-07-15T14:44:56Z,372006.7434700272,9929674.581308248,-0.636126799499472,-76.15023573395122,12,2019-07-15
2019-07-15T15:00:00Z,2019-07-15T14:59:55Z,371949.82104435324,9929708.085236074,-0.6358236260743177,-76.15074714179121,12,2019-07-15
2019-07-15T15:15:00Z,2019-07-15T15:14:55Z,371910.9043797509,9929693.43099162,-0.6359561020417195,-76.15109685574903,12,2019-07-15
2019-07-15T15:30:00Z,2019-07-15T15:29:55Z,371839.41609747626,9929697.767943595,-0.6359167280507846,-76.15173920290589,12,2019-07-15
2019-07-15T15:45:00Z,2019-07-15T15:44:55Z,371795.19264842215,9929661.136416188,-0.6362479878334741,-76.15213664481577,12,2019-07-15
2019-07-15T16:00:00Z,2019-07-15T15:59:55Z,371736.70281464414,9929719.920332396,-0.6357161421255649,-76.15266208537525,12,2019-07-15
2019-07-15T16:15:00Z,2019-07-15T16:14:55Z,371635.73906279024,9929715.406656802,-0.6357567664252421,-76.15356930066574,12,2019-07-15
2019-07-15T16:30:00Z,2019-07-15T16:29:55Z,371633.218634395,9929716.460921563,-0.6357472250253849,-76.153591945766,12,2019-07-15
2019-07-15T16:45:00Z,2019-07-15T16:44:56Z,371626.6867822834,9929725.61777576,-0.6356643838999853,-76.1536506190992,12,2019-07-15
2019-07-15T17:00:00Z,2019-07-15T16:59:55Z,371626.01373026473,9929724.99137081,-0.6356700486583907,-76.15365666804065,12,2019-07-15
2019-07-15T17:15:00Z,2019-07-15T17:14:55Z,371603.18123194505,9929634.366043556,-0.6364897498820737,-76.15386201067955,12,2019-07-15
2019-07-15T19:45:00Z,2019-07-15T19:44:56Z,371520.6336198536,9929357.09375053,-0.6389976362916098,-76.1546042980491,12,2019-07-15
2019-07-15T20:00:00Z,2019-07-15T19:59:55Z,371493.5382076307,9929366.740191504,-0.6389103247752198,-76.15484774344935,12,2019-07-15
2019-07-15T20:15:00Z,2019-07-15T20:14:55Z,371458.20819748944,9929352.391677123,-0.6390400417167492,-76.1551652289839,12,2019-07-15
2019-07-15T20:30:00Z,2019-07-15T20:29:55Z,371400.8333645788,9929385.225178486,-0.6387429311921639,-76.15568070206615,12,2019-07-15
2019-07-15T20:45:00Z,2019-07-15T20:44:55Z,371385.18599221006,9929426.42021226,-0.6383702717749433,-76.15582121769897,12,2019-07-15
2019-07-15T21:00:00Z,2019-07-15T20:59:55Z,371374.329104526,9929431.240176646,-0.6383266509573204,-76.15591876209898,12,2019-07-15
2019-07-15T21:15:00Z,2019-07-15T21:14:55Z,371335.3069036762,9929439.864629794,-0.6382485595601312,-76.15626937708994,12,2019-07-15
2019-07-15T21:30:00Z,2019-07-15T21:29:55Z,371305.57917092525,9929415.674872834,-0.6384673062583468,-76.15653654329068,12,2019-07-15
2019-07-15T21:45:00Z,2019-07-15T21:44:56Z,371309.9081556595,9929412.77004776,-0.6384935905083932,-76.15649765124898,12,2019-07-15
2019-07-15T22:00:00Z,2019-07-15T21:59:55Z,371392.03352891566,9929430.816356141,-0.6383305206005817,-76.15575968054775,12,2019-07-15
2019-07-15T22:15:00Z,2019-07-15T22:14:55Z,371392.43300740886,9929438.11221576,-0.6382645270836677,-76.15575607631568,12,2019-07-15
2019-07-16T10:45:00Z,2019-07-16T10:45:06Z,371390.92532990867,9929432.88483887,-0.6383118079917572,-76.15576963404907,12,2019-07-16
2019-07-16T11:00:00Z,2019-07-16T11:00:06Z,371391.4096403095,9929429.347487582,-0.638343805908375,-76.15576528944091,12,2019-07-16
2019-07-16T11:15:00Z,2019-07-16T11:15:06Z,371391.031498978,9929423.966694197,-0.6383924768336899,-76.15576869808265,12,2019-07-16
2019-07-16T11:30:00Z,2019-07-16T11:30:06Z,371389.89755793725,9929429.89154854,-0.6383388815582954,-76.15577887509899,12,2019-07-16
2019-07-16T11:45:00Z,2019-07-16T11:45:07Z,371308.82908862614,9929416.643173575,-0.638458554158354,-76.15650733933239,12,2019-07-16
2019-07-16T12:00:00Z,2019-07-16T12:00:07Z,371194.5403610959,9929437.182764119,-0.6382725317930531,-76.15753423423513,12,2019-07-16
2019-07-16T12:15:00Z,2019-07-16T12:15:07Z,371083.45109911356,9929465.053593328,-0.6380202015914571,-76.15853236522425,12,2019-07-16
2019-07-16T12:30:00Z,2019-07-16T12:30:06Z,371040.48328448005,9929544.847280638,-0.6372983451006109,-76.15891828899025,12,2019-07-16
2019-07-16T12:45:00Z,2019-07-16T12:45:06Z,370997.10645518336,9929628.649400547,-0.6365402299160624,-76.15930787986034,12,2019-07-16
2019-07-16T13:00:00Z,2019-07-16T13:00:06Z,370978.235354438,9929645.622057054,-0.6363866664334027,-76.15947741083235,12,2019-07-16
2019-07-16T13:15:00Z,2019-07-16T13:15:06Z,370941.5220952877,9929673.879544098,-0.636130990466846,-76.15980723872372,12,2019-07-16
2019-07-16T13:30:00Z,2019-07-16T13:30:06Z,370924.26999474,9929667.69803864,-0.6361868698003335,-76.15996226899125,12,2019-07-16
2019-07-16T13:45:00Z,2019-07-16T13:45:06Z,370862.47610985435,9929619.420626715,-0.6366234342583621,-76.1605176120157,12,2019-07-16
2019-07-16T14:00:00Z,2019-07-16T14:00:06Z,370827.63940085785,9929619.952555066,-0.6366185518001563,-76.16083063417398,12,2019-07-16
2019-07-16T14:15:00Z,2019-07-16T14:15:06Z,370839.6169497558,9929547.510940338,-0.6372738419996765,-76.16072315721556,12,2019-07-16
2019-07-16T14:30:00Z,2019-07-16T14:30:06Z,370845.6981451889,9929585.853006963,-0.6369270337750195,-76.16066843736564,12,2019-07-16
2019-07-16T14:45:00Z,2019-07-16T14:45:06Z,370845.96052315086,9929590.943434672,-0.6368809891832765,-76.16066606948245,12,2019-07-16
2019-07-16T15:00:00Z,2019-07-16T15:00:06Z,370836.4826281304,9929592.399993818,-0.6368677946668775,-76.16075122961571,12,2019-07-16
2019-07-16T15:15:00Z,2019-07-16T15:15:06Z,370850.64370979776,9929603.098978179,-0.636771046558654,-76.1606239643829,12,2019-07-16
2019-07-16T15:30:00Z,2019-07-16T15:30:06Z,370873.2647847024,9929603.477044601,-0.6367676728501726,-76.16042070324083,12,2019-07-16
2019-07-16T15:45:00Z,2019-07-16T15:45:06Z,370869.5819805003,9929602.040689271,-0.6367806578088042,-76.16045379777427,12,2019-07-16
2019-07-16T16:00:00Z,2019-07-16T16:00:06Z,370865.9594015956,9929602.40821605,-0.636777325992524,-76.16048634750743,12,2019-07-16
2019-07-16T16:15:00Z,2019-07-16T16:15:06Z,370860.9715534156,9929603.792423801,-0.6367647950750394,-76.16053116273262,12,2019-07-16
2019-07-16T16:30:00Z,2019-07-16T16:30:06Z,370866.87780539924,9929611.250155183,-0.6366973486833125,-76.16047807735727,12,2019-07-16
2019-07-16T16:45:00Z,2019-07-16T16:45:06Z,370867.14966170164,9929608.76603952,-0.6367198191418656,-76.1604756396325,12,2019-07-16
2019-07-16T17:00:00Z,2019-07-16T17:00:06Z,370869.34712764143,9929605.887756832,-0.6367458589334464,-76.16045590024943,12,2019-07-16
2019-07-16T17:15:00Z,2019-07-16T17:15:07Z,370867.99234704906,9929601.732994044,-0.6367834378086912,-76.16046808195766,12,2019-07-16
2019-07-16T17:30:00Z,2019-07-16T17:30:06Z,370863.71434693923,9929602.590721078,-0.6367756705834263,-76.16050651994891,12,2019-07-16
2019-07-16T17:45:00Z,2019-07-16T17:45:06Z,370862.16142517014,9929598.054449536,-0.636816699966529,-76.16052048281583,12,2019-07-16
2019-07-16T18:00:00Z,2019-07-16T18:00:06Z,370858.27346837765,9929603.197995586,-0.6367701664417067,-76.16055540742403,12,2019-07-16
2019-07-16T18:15:00Z,2019-07-16T18:15:06Z,370865.6403817689,9929607.195807384,-0.6367340195002098,-76.16048920435742,12,2019-07-16
2019-07-16T18:30:00Z,2019-07-16T18:30:06Z,370862.08015748265,9929599.941696431,-0.636799628833499,-76.16052120922399,12,2019-07-16
2019-07-16T18:45:00Z,2019-07-16T18:45:06Z,370865.6471004743,9929601.529375603,-0.6367852748500322,-76.16048915544917,12,2019-07-16
2019-07-16T19:00:00Z,2019-07-16T19:00:06Z,370869.60599677265,9929598.940297266,-0.636808702250106,-76.16045358824917,12,2019-07-16
2019-07-16T19:15:00Z,2019-07-16T19:15:06Z,370866.7517582656,9929601.394490749,-0.6367864971916734,-76.16047922988234,12,2019-07-16
2019-07-16T19:30:00Z,2019-07-16T19:30:06Z,370870.52957926143,9929598.5829730891,-0.6368119362833286,-76.160445290174,12,2019-07-16
2019-07-16T19:45:00Z,2019-07-16T19:45:06Z,370866.86774805235,9929604.124255879,-0.6367618055167619,-76.16047818214075,12,2019-07-16
2019-07-16T20:00:00Z,2019-07-16T20:00:06Z,370867.0733294229,9929605.979138462,-0.6367450277168598,-76.160476331149,12,2019-07-16
2019-07-16T20:15:00Z,2019-07-16T20:15:06Z,370869.8823343414,9929604.18516658,-0.6367612606916503,-76.16045109462402,12,2019-07-16
2019-07-16T20:30:00Z,2019-07-16T20:30:06Z,370865.70820838073,9929602.881519016,-0.6367730442501305,-76.16048860363232,12,2019-07-16
2019-07-16T20:45:00Z,2019-07-16T20:45:06Z,370893.7692323492,9929592.954979155,-0.6368628912589245,-76.16023648296606,12,2019-07-16
2019-07-16T21:00:00Z,2019-07-16T21:00:06Z,370887.8209863271,9929599.376831425,-0.6368047906999933,-76.16028991760733,12,2019-07-16
2019-07-16T21:15:00Z,2019-07-16T21:15:06Z,370922.8282937052,9929645.606508944,-0.6363866943848715,-76.15997526794946,12,2019-07-16
2019-07-16T21:30:00Z,2019-07-16T21:30:06Z,371001.58544195216,9929625.883603882,-0.6365652568670588,-76.15926763975158,12,2019-07-16
2019-07-16T21:45:00Z,2019-07-16T21:45:06Z,371053.5894451502,9929617.933876144,-0.6366372713832144,-76.15880037657406,12,2019-07-16
2019-07-16T22:00:00Z,2019-07-16T22:00:06Z,371087.1773038215,9929591.454077184,-0.6368768611084871,-76.15849862806635,12,2019-07-16
2019-07-16T22:15:00Z,2019-07-16T22:15:06Z,371113.9848063758,9929597.121898098,-0.6368256476665796,-76.15825773914904,12,2019-07-16
2019-07-16T22:30:00Z,2019-07-16T22:29:17Z,371110.5227502334,9929602.207621766,-0.6367796380142783,-76.15828883701327,7,2019-07-16
2019-07-19T20:15:00Z,2019-07-19T20:15:03Z,371260.8811387365,9929436.129735395,-0.63828219194159,-76.15693813422413,12,2019-07-19
2019-07-19T20:30:00Z,2019-07-19T20:30:03Z,371329.0550167205,9929438.069399321,-0.6382647855085603,-76.15632555679059,12,2019-07-19
2019-07-19T20:45:00Z,2019-07-19T20:45:03Z,371400.427099592,9929404.661426134,-0.6385671207666834,-76.15568431327436,12,2019-07-19
2019-07-19T21:00:00Z,2019-07-19T21:00:03Z,371468.62285674724,9929360.98477245,-0.6389623344744116,-76.15507163107478,12,2019-07-19
2019-07-19T21:15:00Z,2019-07-19T21:15:03Z,371565.3239427549,9929336.146231325,-0.639187206966651,-76.15420277695722,12,2019-07-19
2019-07-19T21:30:00Z,2019-07-19T21:30:03Z,371658.1927372294,9929369.625061318,-0.6388845643863693,-76.15336823977344,12,2019-07-19
2019-07-19T21:45:00Z,2019-07-19T21:45:03Z,371665.00863784977,9929386.801133515,-0.6387292127998933,-76.1533069610658,12,2019-07-19
2019-07-20T18:00:00Z,2019-07-20T17:59:58Z,371802.03395620344,9929352.95075206,-0.6390356831250924,-76.15207579220791,12,2019-07-20
2019-07-20T18:15:00Z,2019-07-20T18:14:58Z,371823.47428015014,9929356.214249866,-0.6390062067752248,-76.15188313415717,12,2019-07-20
2019-07-20T18:30:00Z,2019-07-20T18:29:58Z,371856.37253409135,9929399.002358757,-0.6386192352524637,-76.1515874415588,12,2019-07-20
2019-07-20T18:45:00Z,2019-07-20T18:44:58Z,371886.0457683589,9929412.99202951,-0.6384927523247604,-76.15132078529912,12,2019-07-20
2019-07-20T19:00:00Z,2019-07-20T18:59:58Z,371913.08606300957,9929423.666816384,-0.638396248691831,-76.15107779391623,12,2019-07-20
2019-07-20T19:15:00Z,2019-07-20T19:14:58Z,371898.3922500397,9929462.841161432,-0.6380418688083919,-76.15120974602407,12,2019-07-20
2019-07-20T19:30:00Z,2019-07-20T19:29:58Z,371932.94629834255,9929505.592548534,-0.6376552325668031,-76.15089917556568,12,2019-07-20
2019-07-20T19:45:00Z,2019-07-20T19:44:58Z,371954.74663495953,9929522.336427059,-0.6375038204740591,-76.15070325554909,12,2019-07-20
2019-07-20T20:00:00Z,2019-07-20T19:59:58Z,371986.59338938934,9929504.899520457,-0.6376616098003441,-76.15041713231547,12,2019-07-20
2019-07-20T20:15:00Z,2019-07-20T20:14:58Z,371983.695516447,9929507.880341541,-0.6376346410250692,-76.15044316509909,12,2019-07-20
2019-07-20T20:30:00Z,2019-07-20T20:29:58Z,371974.9745380674,9929507.055997936,-0.6376420799672259,-76.15052152889987,12,2019-07-20
2019-07-20T20:45:00Z,2019-07-20T20:44:58Z,371965.8788348673,9929502.92346009,-0.6376794423083929,-76.15060326642404,12,2019-07-20
2019-07-20T21:00:00Z,2019-07-20T20:59:58Z,371957.88747256034,9929489.61664749,-0.6377997924667482,-76.15067509934909,12,2019-07-20
2019-07-20T22:15:00Z,2019-07-20T22:14:58Z,371899.8801864769,9929417.358064802,-0.6384532875334615,-76.15119646769057,12,2019-07-20
2019-07-20T22:30:00Z,2019-07-20T22:29:09Z,371897.44085616444,9929415.316148663,-0.6384717526715267,-76.1512183903418,7,2019-07-20
2019-07-21T10:45:00Z,2019-07-21T10:45:54Z,371877.1880987525,9929428.970751986,-0.6383481994321475,-76.15140034351572,6,2019-07-21
2019-07-21T11:00:00Z,2019-07-21T10:59:54Z,371890.29259321024,9929408.963633977,-0.6385291996333181,-76.15128263366583,12,2019-07-21
2019-07-21T11:15:00Z,2019-07-21T11:14:54Z,371894.5526918653,9929408.14605438,-0.6385366036500127,-76.15124435629912,12,2019-07-21
2019-07-21T11:30:00Z,2019-07-21T11:29:54Z,371867.580885724,9929417.935388012,-0.6384479999498434,-76.15148669109082,12,2019-07-21
2019-07-21T11:45:00Z,2019-07-21T11:44:54Z,371842.8221872639,9929448.664232103,-0.6381699931833643,-76.15170909789899,12,2019-07-21
2019-07-21T12:00:00Z,2019-07-21T11:59:54Z,371773.4496046105,9929436.894242803,-0.6382763176084645,-76.15233246702407,12,2019-07-21
2019-07-21T12:15:00Z,2019-07-21T12:14:54Z,371746.79636454384,9929429.953125637,-0.6383390491755316,-76.15257197292533,12,2019-07-21
2019-07-21T12:30:00Z,2019-07-21T12:29:54Z,371736.5542651808,9929414.482857307,-0.6384789640917393,-76.1526640341739,12,2019-07-21
2019-07-21T12:45:00Z,2019-07-21T12:44:54Z,371736.32708004984,9929411.905196337,-0.6385022797583793,-76.15266608073242,12,2019-07-21
2019-07-21T13:00:00Z,2019-07-21T12:59:54Z,371761.8650151039,9929386.731740858,-0.6387300370334995,-76.15243666106538,12,2019-07-21
2019-07-21T13:15:00Z,2019-07-21T13:14:54Z,371704.2286044266,9929303.846889172,-0.6394796515669972,-76.15295471856558,12,2019-07-21
2019-07-21T13:30:00Z,2019-07-21T13:29:54Z,371703.1931806095,9929283.018054739,-0.6396680558166741,-76.15296406438236,12,2019-07-21
2019-07-21T13:45:00Z,2019-07-21T13:44:54Z,371703.3978926856,9929285.287601547,-0.6396475271416898,-76.1529622203658,12,2019-07-21
2019-07-21T14:00:00Z,2019-07-21T13:59:54Z,371656.6788403176,9929277.90103184,-0.6397142470747916,-76.15338202799062,12,2019-07-21
2019-07-21T14:15:00Z,2019-07-21T14:14:54Z,371662.03767030715,9929296.394928074,-0.6395469722251422,-76.15333383903256,12,2019-07-21
2019-07-21T14:30:00Z,2019-07-21T14:29:54Z,371638.070440628,9929326.448275678,-0.6392750772568724,-76.15354913518196,12,2019-07-21
2019-07-21T14:45:00Z,2019-07-21T14:44:54Z,371629.1415435943,9929396.439429864,-0.6386419571916712,-76.1536292242823,12,2019-07-21
2019-07-21T15:00:00Z,2019-07-21T14:59:54Z,371553.583664768,9929543.281419912,-0.6373135512663156,-76.15430785109216,12,2019-07-21
2019-07-21T15:15:00Z,2019-07-21T15:14:54Z,371574.9092868871,9929579.811359288,-0.6369831645834704,-76.15411615694912,12,2019-07-21
2019-07-21T15:30:00Z,2019-07-21T15:29:54Z,371532.67618977826,9929538.292940876,-0.6373586319329145,-76.15449572449101,12,2019-07-21
2019-07-21T15:45:00Z,2019-07-21T15:44:54Z,371517.44327274215,9929502.811464975,-0.6376795470666506,-76.1546326707991,12,2019-07-21
2019-07-21T16:00:00Z,2019-07-21T15:59:54Z,371503.4203882215,9929496.450776706,-0.6377370539170566,-76.1547586857325,12,2019-07-21
2019-07-21T16:15:00Z,2019-07-21T16:14:54Z,371502.97677769745,9929498.74720682,-0.6377162807670066,-76.15476266714903,12,2019-07-21
2019-07-21T16:30:00Z,2019-07-21T16:29:54Z,371503.7023249855,9929501.006832758,-0.6376958428999959,-76.15475614321569,12,2019-07-21
2019-07-21T16:45:00Z,2019-07-21T16:44:54Z,371499.41074003605,9929500.077684373,-0.6377042387586597,-76.15479470696592,12,2019-07-21
2019-07-21T17:00:00Z,2019-07-21T16:59:54Z,371493.8212290797,9929501.446317578,-0.6376918475088125,-76.15484492854917,12,2019-07-21
2019-07-21T17:15:00Z,2019-07-21T17:14:54Z,371489.9343590442,9929498.35045842,-0.6377198430667682,-76.15487986011584,12,2019-07-21
2019-07-21T17:30:00Z,2019-07-21T17:29:54Z,371410.90602481633,9929507.84780034,-0.6376337748932752,-76.15558994700726,12,2019-07-21
2019-07-21T17:45:00Z,2019-07-21T17:44:54Z,371370.23632253235,9929458.877935555,-0.6380766467028215,-76.15595548181427,12,2019-07-21
2019-07-21T18:00:00Z,2019-07-21T17:59:54Z,371238.7731860319,9929428.689991735,-0.6383494427405639,-76.15713679931783,12,2019-07-21
2019-07-21T18:15:00Z,2019-07-21T18:14:54Z,371132.6690609004,9929446.565775556,-0.6381875323083919,-76.15809015698319,12,2019-07-21
2019-07-21T18:30:00Z,2019-07-21T18:29:54Z,371062.3923011365,9929472.622621827,-0.6379516935000421,-76.15872157270748,12,2019-07-21
2019-07-21T18:45:00Z,2019-07-21T18:44:54Z,371013.16115324444,9929511.618621865,-0.6375988572748528,-76.15916385780753,12,2019-07-21
2019-07-21T19:00:00Z,2019-07-21T18:59:54Z,370980.5834769429,9929612.290416194,-0.6366881704850906,-76.15945637924648,12,2019-07-21
2019-07-21T19:15:00Z,2019-07-21T19:14:55Z,370978.47653258935,9929630.92321474,-0.6365196243837324,-76.15947527343239,12,2019-07-21
2019-07-21T19:30:00Z,2019-07-21T19:29:54Z,370919.9135878157,9929650.782707734,-0.6363398674814971,-76.16000144741616,12,2019-07-21
2019-07-21T19:45:00Z,2019-07-21T19:44:54Z,370902.3407130545,9929660.64288635,-0.6362506421251027,-76.1601593275656,12,2019-07-21
2019-07-21T20:00:00Z,2019-07-21T19:59:54Z,370900.8418856184,9929657.547555432,-0.6362786376917822,-76.16017280144912,12,2019-07-21
2019-07-21T20:15:00Z,2019-07-21T20:14:54Z,370896.1228638528,9929597.351663841,-0.6368231261252992,-76.16021532564905,12,2019-07-21
2019-07-21T20:30:00Z,2019-07-21T20:29:54Z,370903.9439371145,9929552.198037365,-0.637231576258388,-76.1601451411825,12,2019-07-21
2019-07-21T20:45:00Z,2019-07-21T20:44:54Z,370909.3373838568,9929555.0795722,-0.6372055225084823,-76.16009667283231,12,2019-07-21
2019-07-21T21:00:00Z,2019-07-21T20:59:54Z,370927.02045017376,9929539.17075214,-0.637349460741857,-76.15993781479936,12,2019-07-21
2019-07-21T21:15:00Z,2019-07-21T21:14:54Z,370980.1538498909,9929566.253858782,-0.6371045904167544,-76.15946033269945,12,2019-07-21
2019-07-21T21:30:00Z,2019-07-21T21:29:54Z,371035.5029109451,9929623.608594432,-0.6365859042916803,-76.1589628807241,12,2019-07-21
2019-07-21T21:45:00Z,2019-07-21T21:44:54Z,371121.64832452923,9929613.011701716,-0.6366819329517944,-76.15818884690849,12,2019-07-21
2019-07-21T22:00:00Z,2019-07-21T21:59:55Z,371140.14291587693,9929617.954095755,-0.6366372643917636,-76.1580226546988,12,2019-07-21
2019-07-21T22:15:00Z,2019-07-21T22:14:54Z,371133.24721839663,9929623.754881779,-0.6365847797083631,-76.15808460394064,12,2019-07-21
2019-07-22T10:45:00Z,2019-07-22T10:45:00Z,371135.46610125783,9929605.098950762,-0.6367535353591772,-76.15806470393258,12,2019-07-22
2019-07-22T11:00:00Z,2019-07-22T10:59:59Z,371139.21710691694,9929604.000174318,-0.6367634819001787,-76.15803100167373,12,2019-07-22
2019-07-22T11:15:00Z,2019-07-22T11:14:59Z,371139.79835750017,9929604.946256442,-0.6367549253501527,-76.15802577696546,12,2019-07-22
2019-07-22T11:30:00Z,2019-07-22T11:29:59Z,371121.38069650176,9929603.60002839,-0.636767065149841,-76.15819127066642,12,2019-07-22
2019-07-22T11:45:00Z,2019-07-22T11:45:00Z,371139.2209170551,9929604.34148797,-0.6367603945750165,-76.15803096674897,12,2019-07-22
2019-07-22T12:00:00Z,2019-07-22T11:59:59Z,371140.1952524647,9929620.282299353,-0.6366162048670277,-76.15802217973236,12,2019-07-22
2019-07-22T12:15:00Z,2019-07-22T12:14:59Z,371090.49665655865,9929605.149078615,-0.6367529905333541,-76.15846877453254,12,2019-07-22
2019-07-22T12:30:00Z,2019-07-22T12:29:59Z,371057.14091132383,9929619.209582856,-0.6366257392749698,-76.15876846248236,12,2019-07-22
2019-07-22T12:45:00Z,2019-07-22T12:44:59Z,370963.16158064286,9929700.960184097,-0.6358860782335315,-76.15961274365704,12,2019-07-22
2019-07-22T13:00:00Z,2019-07-22T12:59:59Z,370939.2414319945,9929687.231206525,-0.6360102142164419,-76.15982770453243,12,2019-07-22
2019-07-22T13:15:00Z,2019-07-22T13:14:59Z,370923.29916508583,9929674.19282333,-0.636128119667156,-76.15997097920678,12,2019-07-22
2019-07-22T13:30:00Z,2019-07-22T13:29:59Z,370887.3084185794,9929659.385445748,-0.6362619856425814,-76.16029440193138,12,2019-07-22
2019-07-22T13:45:00Z,2019-07-22T13:44:59Z,370858.25746064866,9929622.525481682,-0.6365953409083661,-76.16055551216654,12,2019-07-22
2019-07-22T14:00:00Z,2019-07-22T13:59:59Z,370901.6962249094,9929595.254839843,-0.6368421041586216,-76.16016525076583,12,2019-07-22
2019-07-22T14:15:00Z,2019-07-22T14:14:59Z,370828.4558567225,9929587.873843014,-0.636908719309226,-76.16082336286675,12,2019-07-22
2019-07-24T19:00:00Z,2019-07-24T18:59:54Z,371570.9636455678,9929453.956973046,-0.6381215667239633,-76.1541518638748,12,2019-07-24
2019-07-24T19:15:00Z,2019-07-24T19:14:54Z,371616.20947981556,9929375.43958088,-0.6388318841409427,-76.1537454672908,12,2019-07-24
2019-07-24T19:30:00Z,2019-07-24T19:29:54Z,371662.47919023765,9929358.771952083,-0.6389827444249633,-76.15332974587409,12,2019-07-24
2019-07-24T19:45:00Z,2019-07-24T19:44:54Z,371704.5523288669,9929319.629220929,-0.6393368938001351,-76.15295177789895,12,2019-07-24
2019-07-24T20:00:00Z,2019-07-24T19:59:54Z,371701.98991695,9929320.70509455,-0.6393271568250687,-76.15297480020715,12,2019-07-24
2019-07-24T20:15:00Z,2019-07-24T20:14:54Z,371706.7737714498,9929313.781063765,-0.6393897975749819,-76.1529318289908,12,2019-07-24
2019-07-24T20:30:00Z,2019-07-24T20:29:54Z,371690.53130568867,9929294.660015328,-0.6395627232167099,-76.15307781379872,12,2019-07-24
2019-07-24T20:45:00Z,2019-07-24T20:44:54Z,371681.9683297213,9929313.686689993,-0.6393906008331415,-76.15315471776617,12,2019-07-24
2019-07-24T21:00:00Z,2019-07-24T20:59:54Z,371642.3057207078,9929342.673959646,-0.6391283171438957,-76.1535110464519,12,2019-07-24
2019-07-24T21:15:00Z,2019-07-24T21:14:54Z,371646.62380343315,9929374.448725315,-0.6388409086494773,-76.15347218234152,12,2019-07-24
2019-07-24T21:30:00Z,2019-07-24T21:29:54Z,371653.5669397156,9929441.246523602,-0.6382367061416557,-76.15340966033243,12,2019-07-24
2019-07-24T21:45:00Z,2019-07-24T21:44:54Z,371672.5107059795,9929439.697101535,-0.6382507598000046,-76.15323944484103,12,2019-07-24
2019-07-24T22:00:00Z,2019-07-24T21:59:55Z,371697.50109887426,9929433.160609528,-0.6383099360499627,-76.15301490760737,12,2019-07-24
2019-07-24T22:15:00Z,2019-07-24T22:14:54Z,371704.8848526575,9929431.309755297,-0.6383266928499333,-76.15294856484081,12,2019-07-24
2019-07-25T10:45:00Z,2019-07-25T10:45:09Z,371704.4137436645,9929424.511181721,-0.6383881881088352,-76.15295281167387,12,2019-07-25
2019-07-25T11:00:00Z,2019-07-25T11:00:09Z,371699.012690199,9929424.404953793,-0.6383891380339323,-76.15300134289058,12,2019-07-25
2019-07-25T11:15:00Z,2019-07-25T11:15:09Z,371700.8783382224,9929424.438577656,-0.6383888376749162,-76.152984579099,12,2019-07-25
2019-07-25T11:30:00Z,2019-07-25T11:30:09Z,371699.7170711667,9929423.981943646,-0.6383929657833044,-76.15299501454908,12,2019-07-25
2019-07-25T11:45:00Z,2019-07-25T11:44:59Z,371700.10902908474,9929425.349007254,-0.6383806008615415,-76.15299148986854,13,2019-07-25
2019-07-25T12:00:00Z,2019-07-25T11:59:59Z,371703.51952055556,9929400.085229788,-0.6386091302260544,-76.15296089591213,13,2019-07-25
2019-07-25T12:15:00Z,2019-07-25T12:15:00Z,371687.48118298926,9929365.549955273,-0.6389214850530784,-76.1531050775466,13,2019-07-25
2019-07-25T12:30:00Z,2019-07-25T12:29:59Z,371701.604584899,9929277.594821762,-0.6397171082155133,-76.15297834961424,13,2019-07-25
2019-07-25T12:45:00Z,2019-07-25T12:44:59Z,371704.339161575,9929277.788605854,-0.6397153609077424,-76.1529537777605,13,2019-07-25
2019-07-25T13:00:00Z,2019-07-25T12:59:59Z,371623.0453301695,9929261.765793316,-0.6398601292698218,-76.153684273499593,13,2019-07-25
2019-07-25T13:15:00Z,2019-07-25T13:14:59Z,371609.38182544254,9929260.507475529,-0.6398714835307913,-76.153807049053,13,2019-07-25
2019-07-25T13:30:00Z,2019-07-25T13:29:59Z,371610.82467302436,9929270.82204427,-0.639778186492269,-76.15379406354545,13,2019-07-25
2019-07-25T13:45:00Z,2019-07-25T13:44:59Z,371558.59403075575,9929293.726167046,-0.6395709020307886,-76.15426333406057,13,2019-07-25
2019-07-25T14:00:00Z,2019-07-25T13:59:09Z,371551.6705560792,9929301.04271108,-0.6395047064833821,-76.1543255299324,6,2019-07-25
2019-08-05T19:00:00Z,2019-08-05T19:00:46Z,371623.9788703323,9929341.152577827,-0.6391420415001257,-76.15367572487057,7,2019-08-05
2019-08-05T19:15:00Z,2019-08-05T19:14:55Z,371675.94663742784,9929384.204357168,-0.6387527240334044,-76.15320868324062,12,2019-08-05
2019-08-05T19:30:00Z,2019-08-05T19:29:55Z,371685.34939754306,9929381.418817623,-0.6387779395999308,-76.15312420064008,12,2019-08-05
2019-08-05T19:45:00Z,2019-08-05T19:44:55Z,371678.7053363466,9929381.374857714,-0.6387783237506779,-76.15318390074057,12,2019-08-05
2019-08-05T20:00:00Z,2019-08-05T19:59:55Z,371677.57112946874,9929374.63405058,-0.6388392951333949,-76.1531941057157,12,2019-08-05
2019-08-05T20:15:00Z,2019-08-05T20:14:55Z,371696.27664297965,9929374.766434409,-0.6388381356334218,-76.15302602761571,12,2019-08-05
2019-08-05T20:30:00Z,2019-08-05T20:29:55Z,371699.2098317771,9929391.110743199,-0.6386902998250087,-76.15299963858239,12,2019-08-05
2019-08-05T20:45:00Z,2019-08-05T20:44:55Z,371740.377171594,9929425.496083045,-0.6383793521583387,-76.15262966137404,12,2019-08-05
2019-08-05T21:00:00Z,2019-08-05T20:59:55Z,371741.9390848116,9929424.589867815,-0.6383875524585462,-76.15261562867363,12,2019-08-05
2019-08-05T21:15:00Z,2019-08-05T21:14:55Z,371742.9665564775,9929428.92137715,-0.6383483740497173,-76.1526063876324,12,2019-08-05
2019-08-05T21:30:00Z,2019-08-05T21:29:55Z,371784.490203662,9929451.673563741,-0.6381426542186033,-76.15223323228156,12,2019-08-05
2019-08-06T19:45:00Z,2019-08-06T19:46:06Z,371630.7984458943,9929339.469827637,-0.6391572766001326,-76.1536144511825,6,2019-08-06
2019-08-06T20:00:00Z,2019-08-06T20:00:05Z,371627.6150581406,9929333.049797432,-0.639215342233374,-76.15364306837394,12,2019-08-06
2019-08-06T20:15:00Z,2019-08-06T20:15:05Z,371658.963333683,9929354.731002018,-0.639019289524954,-76.153361345649,12,2019-08-06
2019-08-06T20:30:00Z,2019-08-06T20:30:05Z,371689.8584034608,9929372.993561579,-0.6388541590516004,-76.1530837020914,12,2019-08-06
2019-08-06T20:45:00Z,2019-08-06T20:45:07Z,371749.388640994,9929403.145950746,-0.6385815376507045,-76.15254873410002,12,2019-08-06
2019-08-06T21:00:00Z,2019-08-06T21:00:07Z,371761.4337569229,9929503.897032218,-0.6376702221988862,-76.15244030022764,12,2019-08-06
2019-08-06T21:15:00Z,2019-08-06T21:15:07Z,371733.73957786674,9929497.195069168,-0.637730788442475,-76.15268915892416,12,2019-08-06
2019-08-06T21:30:00Z,2019-08-06T21:30:07Z,371647.4300462901,9929439.72159306,-0.6382504873851802,-76.15346480626542,12,2019-08-06
2019-08-06T21:45:00Z,2019-08-06T21:45:08Z,371614.46051233466,9929395.819916211,-0.6386475311664591,-76.15376114146753,12,2019-08-06
2019-08-06T22:00:00Z,2019-08-06T22:00:07Z,371657.24113896757,9929411.70521847,-0.6385039282012587,-76.15337670547343,12,2019-08-06
2019-08-06T22:15:00Z,2019-08-06T22:14:17Z,371712.54314939544,9929429.34776158,-0.6383444555142277,-76.15287975539877,7,2019-08-06
2019-08-07T10:45:00Z,2019-08-07T10:44:50Z,371707.6216179099,9929425.748198284,-0.6383770052333408,-76.15292398492407,12,2019-08-07
2019-08-07T11:00:00Z,2019-08-07T10:59:50Z,371704.0195722051,9929424.738121683,-0.6383861345333623,-76.15295635303238,12,2019-08-07
2019-08-07T11:15:00Z,2019-08-07T11:14:50Z,371702.37648683117,9929427.096831242,-0.6383647955916515,-76.15297111217397,12,2019-08-07
2019-08-07T11:30:00Z,2019-08-07T11:29:50Z,371703.305717322,9929429.277738046,-0.6383450701746943,-76.15296275820748,12,2019-08-07
2019-08-07T11:45:00Z,2019-08-07T11:44:50Z,371618.05319074827,9929386.622252274,-0.6387307355248955,-76.15372887812451,12,2019-08-07
2019-08-07T12:00:00Z,2019-08-07T11:59:50Z,371543.5111735312,9929360.891951973,-0.6389633263454491,-76.15439872489911,12,2019-08-07
2019-08-07T12:15:00Z,2019-08-07T12:14:51Z,371455.39605618623,9929364.707671903,-0.6389286322662906,-76.15519047249182,12,2019-08-07
2019-08-07T12:30:00Z,2019-08-07T12:29:51Z,371378.22772699926,9929416.657234818,-0.6384585681408885,-76.15588376063859,12,2019-08-07
2019-08-07T12:45:00Z,2019-08-07T12:44:50Z,371358.9021214565,9929443.01357131,-0.6382201239529545,-76.15605735685844,12,2019-08-07
2019-08-07T13:00:00Z,2019-08-07T13:00:00Z,371308.4633198212,9929416.869227657,-0.6384565086538833,-76.15651062547595,13,2019-08-07
2019-08-07T13:15:00Z,2019-08-07T13:15:00Z,371271.3234292882,9929418.421197146,-0.6384423948155028,-76.15684434126901,13,2019-08-07
2019-08-07T13:30:00Z,2019-08-07T13:29:50Z,371166.78721708147,9929433.254496703,-0.6383080082004248,-76.1577836167994,12,2019-08-07
2019-08-07T13:45:00Z,2019-08-07T13:44:50Z,371064.53005456715,9929455.289454011,-0.6381084839835144,-76.15870239910748,12,2019-08-07
2019-08-07T14:00:00Z,2019-08-07T13:59:50Z,370989.12812501827,9929533.201703614,-0.6374035798986079,-76.15937976167308,12,2019-08-07
2019-08-07T14:15:00Z,2019-08-07T14:14:50Z,370979.1158678354,9929577.533974178,-0.6370025547246724,-76.15946963662367,12,2019-08-07
2019-08-07T14:30:00Z,2019-08-07T14:29:51Z,370993.1677272899,9929627.975929145,-0.6365463137500177,-76.15934327244901,12,2019-08-07
2019-08-07T14:45:00Z,2019-08-07T14:45:00Z,371002.9778265094,9929630.876630507,-0.6365200955846327,-76.15925511846855,13,2019-08-07
2019-08-07T15:00:00Z,2019-08-07T14:59:50Z,371006.58272052417,9929637.883998454,-0.6364567182001032,-76.15922271273261,12,2019-08-07
2019-08-07T15:15:00Z,2019-08-07T15:15:00Z,370978.01563751907,9929629.230854526,-0.6365349315849184,-76.15947941819924,13,2019-08-07
2019-08-07T15:30:00Z,2019-08-07T15:29:50Z,370979.6023713907,9929598.812154153,-0.6368100852668075,-76.15946522215752,12,2019-08-07
2019-08-07T15:45:00Z,2019-08-07T15:44:50Z,370972.8718422174,9929609.870138535,-0.6367100472667236,-76.15952567661576,12,2019-08-07
2019-08-07T16:00:00Z,2019-08-07T15:59:50Z,370970.4522882907,9929604.77614057,-0.6367561197832262,-76.1595474276824,12,2019-08-07
2019-08-07T16:15:00Z,2019-08-07T16:14:50Z,370970.9485376993,9929613.840379102,-0.6366741307916008,-76.1595429503408,12,2019-08-07
2019-08-07T16:30:00Z,2019-08-07T16:29:50Z,370977.46045975015,9929624.291300463,-0.6365796108833063,-76.15948441669914,12,2019-08-07
2019-08-07T16:45:00Z,2019-08-07T16:44:50Z,370985.48056467966,9929616.968753994,-0.6366458628338755,-76.15941236727443,12,2019-08-07
2019-08-07T17:00:00Z,2019-08-07T16:59:50Z,370969.7397375108,9929610.422332501,-0.6367050460584984,-76.1595538188573,12,2019-08-07
2019-08-07T17:15:00Z,2019-08-07T17:14:50Z,370987.0755405485,9929607.333555367,-0.6367330206677703,-76.15939805517449,12,2019-08-07
2019-08-07T17:30:00Z,2019-08-07T17:29:50Z,370984.37470458786,9929608.62870625,-0.636721299966649,-76.15942232077393,12,2019-08-07
2019-08-07T17:45:00Z,2019-08-07T17:45:00Z,370975.12778663216,9929608.593126075,-0.6367216029927006,-76.1595054085298,13,2019-08-07
2019-08-07T18:00:00Z,2019-08-07T17:59:50Z,370875.7747322592,9929642.124095466,-0.6364180985916671,-76.16039807209907,12,2019-08-07
2019-08-07T18:15:00Z,2019-08-07T18:14:50Z,370847.6442952035,9929618.51458313,-0.6366315996168003,-76.16065088426556,12,2019-08-07
2019-08-07T18:30:00Z,2019-08-07T18:29:50Z,370848.56612593797,9929608.677684547,-0.6367205805084252,-76.16064262110724,12,2019-08-07
2019-08-07T18:45:00Z,2019-08-07T18:44:50Z,370819.29594512365,9929609.837120652,-0.6367100332916095,-76.16090562427404,12,2019-08-07
2019-08-07T19:00:00Z,2019-08-07T18:59:51Z,370847.09935055056,9929604.77309248,-0.6367558962500757,-76.16065580863228,12,2019-08-07
2019-08-07T19:15:00Z,2019-08-07T19:14:50Z,370864.2023745447,9929599.81707612,-0.6368007604002557,-76.16050214041564,12,2019-08-07
2019-08-07T19:30:00Z,2019-08-07T19:29:50Z,370858.9218883406,9929595.845985634,-0.6368366698834411,-76.1605495959573,12,2019-08-07
2019-08-07T19:45:00Z,2019-08-07T19:44:50Z,370892.41063139314,9929581.602506073,-0.6369655765501112,-76.16024871356393,12,2019-08-07
2019-08-07T20:00:00Z,2019-08-07T20:00:00Z,370944.8685658036,9929613.250905214,-0.6366794097773667,-76.15977729169866,13,2019-08-07
2019-08-07T20:15:00Z,2019-08-07T20:15:00Z,371029.6758710899,9929638.57092623,-0.6364505515846738,-76.15901520906823,13,2019-08-07
2019-08-07T20:30:00Z,2019-08-07T20:29:50Z,371064.2882572221,9929610.936256317,-0.6367005896832519,-76.15870425708215,12,2019-08-07
2019-08-07T20:45:00Z,2019-08-07T20:44:50Z,371059.44702606066,9929592.923526129,-0.6368635129082955,-76.15874779409918,12,2019-08-07
2019-08-07T21:00:00Z,2019-08-07T20:59:50Z,371059.84287848684,9929595.586945117,-0.6368394219170165,-76.15874423180712,12,2019-08-07
2019-08-07T21:15:00Z,2019-08-07T21:14:51Z,371075.98357681266,9929645.735140882,-0.6363858422247384,-76.15859909913284,12,2019-08-07
2019-08-07T21:30:00Z,2019-08-07T21:30:00Z,371095.87114494754,9929637.865865845,-0.6364570636924444,-76.1584204162914,13,2019-08-07
2019-08-07T21:45:00Z,2019-08-07T21:44:50Z,371129.1603693948,9929628.426564813,-0.6365425139681391,-76.15812131669142,12,2019-08-07
2019-08-07T22:00:00Z,2019-08-07T21:59:01Z,371132.850992074,9929624.71684722,-0.6365760775008051,-76.15808816227126,7,2019-08-07
2019-08-08T11:00:00Z,2019-08-08T10:59:59Z,371133.38504213654,9929616.594272815,-0.6366495508614229,-76.15808337998381,13,2019-08-08
2019-08-08T11:15:00Z,2019-08-08T11:15:09Z,371131.3624700837,9929625.66874855,-0.6365674641085657,-76.15810153539066,12,2019-08-08
2019-08-08T11:30:00Z,2019-08-08T11:29:59Z,371132.1952688787,9929626.417854287,-0.6365606898079635,-76.15809405080672,13,2019-08-08
2019-08-08T11:45:00Z,2019-08-08T11:45:00Z,371132.07363497006,9929624.861065852,-0.6365747714003015,-76.15809514688388,13,2019-08-08
2019-08-08T12:00:00Z,2019-08-08T12:00:10Z,371112.7446959369,9929636.183520034,-0.6364723155335809,-76.15826880324894,12,2019-08-08
2019-08-08T12:15:00Z,2019-08-08T12:14:59Z,371028.0858297164,9929619.078252016,-0.6366268681472411,-76.15902953566837,13,2019-08-08
2019-08-08T12:30:00Z,2019-08-08T12:29:59Z,370959.04273951385,9929692.32109242,-0.6359642142232254,-76.15964977071434,13,2019-08-08
2019-08-08T12:45:00Z,2019-08-08T12:45:09Z,370948.3512441844,9929680.587668862,-0.6360703264333839,-76.15974586224063,12,2019-08-08
2019-08-08T13:00:00Z,2019-08-08T12:59:59Z,370917.27323495434,9929661.247018322,-0.636245207861297,-76.16002515101472,13,2019-08-08
2019-08-08T13:15:00Z,2019-08-08T13:14:59Z,370878.5394899299,9929644.03693152,-0.6364008017846503,-76.16037322566046,13,2019-08-08
2019-08-08T13:30:00Z,2019-08-08T13:29:59Z,370877.99862873455,9929640.037983388,-0.6364369729079012,-76.16037809362192,13,2019-08-08
2019-08-08T13:45:00Z,2019-08-08T13:44:59Z,370881.5255924731,9929645.779696727,-0.6363850437923704,-76.16034639068398,13,2019-08-08
2019-08-08T14:00:00Z,2019-08-08T13:59:59Z,370845.454783162,9929656.995386867,-0.6362835196001542,-76.16067048018363,13,2019-08-08
2019-08-08T14:15:00Z,2019-08-08T14:14:59Z,370905.4664416994,9929597.533988962,-0.6368214959387087,-76.16013136908363,13,2019-08-08
2019-08-08T14:30:00Z,2019-08-08T14:29:59Z,370893.25493412424,9929559.422626378,-0.6371662049306637,-76.16024117200735,13,2019-08-08
2019-08-08T14:45:00Z,2019-08-08T14:44:59Z,370868.95707737934,9929551.961228024,-0.6372336470149206,-76.16045951414547,13,2019-08-08
2019-08-08T15:00:00Z,2019-08-08T14:59:59Z,370880.62974201737,9929510.227785232,-0.6376111679307236,-76.16035471456834,13,2019-08-08
2019-08-08T15:15:00Z,2019-08-08T15:15:00Z,370848.10062353546,9929477.790025301,-0.6379045152080447,-76.16064706888362,13,2019-08-08
2019-08-08T15:30:00Z,2019-08-08T15:30:09Z,370842.61462446844,9929505.346191818,-0.6376552465415797,-76.16069630718212,12,2019-08-08
2019-08-08T15:45:00Z,2019-08-08T15:44:00Z,370822.70195005287,9929494.763280176,-0.6377509329429887,-76.1608752528416,7,2019-08-08
